<?xml version="1.0" encoding="UTF-8"?>
<project-private xmlns="http://www.netbeans.org/ns/project-private/1">
    <editor-bookmarks xmlns="http://www.netbeans.org/ns/editor-bookmarks/2" lastBookmarkId="0"/>
    <open-files xmlns="http://www.netbeans.org/ns/projectui-open-files/2">
        <group>
            <file>file:/C:/Users/aless/Desktop/tp2/TP2/src/DAO/Conexao.java</file>
            <file>file:/C:/Users/aless/Desktop/tp2/TP2/src/Visual/FormPrincipal.java</file>
            <file>file:/C:/Users/aless/Desktop/tp2/TP2/src/Visual/FormVenda.java</file>
            <file>file:/C:/Users/aless/Desktop/tp2/TP2/src/Modelo/Venda_Produto.java</file>
            <file>file:/C:/Users/aless/Desktop/tp2/TP2/src/DAO/VendaDAO.java</file>
            <file>file:/C:/Users/aless/Desktop/tp2/TP2/src/Visual/FormVerVendas.java</file>
        </group>
    </open-files>
</project-private>
